item_type,item_id,name,description
title,335984,Blade Runner 2049,"Lonely, melancholic and awestruck. A replicant hunter in a dying future uncovers a secret that makes him wonder if he is more than a machine. Cyberpunk neon noir, rain-soaked megacities, holograms, droning synthesizers, retro-futurism and existential longing for something real."
title,157336,Interstellar,"Awestruck, emotional and bittersweet. A father leaves his children to cross a wormhole and find a new home for humanity. Epic space odyssey, black holes, time dilation, pipe-organ grandeur, tears across the stars, love and loss on a cosmic scale."
title,64690,Drive,"Cool, romantic and dangerous. A silent getaway driver falls for his neighbor and is pulled into a heist gone wrong. 80s-inspired neon noir, synthwave, night drives through Los Angeles, scorpion jacket, quiet tenderness and sudden brutality."
title,153,Lost in Translation,"Wistful, intimate and gently funny. Two lonely strangers, an aging actor and a young wife, form a fleeting bond in a Tokyo hotel. Jet lag, karaoke nights, neon city lights, shoegaze and dream pop, quiet indie melancholy and unspoken affection."
title,244786,Whiplash,"Tense, obsessive and exhilarating. A young jazz drummer is pushed to the breaking point by a ruthless teacher. Big band jazz, bleeding hands, frantic drum solos, conservatory rivalry, ambition, humiliation and a furious, triumphant finale."
title,313369,La La Land,"Romantic, dreamy and bittersweet. An aspiring actress and a jazz pianist fall in love in Los Angeles while chasing their dreams. Old Hollywood musical, tap dancing at sunset, jazz clubs, technicolor nostalgia, starry-eyed hope and the ache of what might have been."
title,680,Pulp Fiction,"Cool, irreverent and darkly funny. Hitmen, a boxer and a gangster's wife cross paths in interlocking crime stories. 90s cult classic, surf rock and vintage soul, diner conversations, twist dancing, retro Americana, swagger and sudden violence."
title,129,Spirited Away,"Enchanting, nostalgic and tender. A young girl wanders into a world of spirits and must work in a bathhouse to save her parents. Hand-drawn Japanese animation, fairy-tale wonder, gentle piano, childhood courage, homesickness and bittersweet goodbyes."
title,496243,Parasite,"Sly, tense and bitterly ironic. A poor family cons its way into a wealthy household until a hidden secret turns everything violent. Class satire, dark comedy thriller, modernist mansion and basement, elegant classical strings, unease and simmering rage."
title,76341,Mad Max: Fury Road,"Furious, wild and exhilarating. Rebels flee a tyrant across a desert wasteland in one long, roaring chase. Post-apocalyptic action, war rigs, flame-throwing guitar, pounding drums, heavy metal energy, chaos, survival and defiance."
title,120467,The Grand Budapest Hotel,"Whimsical, elegant and nostalgic. A legendary concierge and his lobby boy are swept into a caper over a stolen painting in old Europe. Pastel symmetry, quirky deadpan humor, folk waltzes, vintage charm and a quiet sadness for a vanished world."
title,38,Eternal Sunshine of the Spotless Mind,"Heartbroken, dreamlike and tender. A man erases his ex-girlfriend from his memory, then tries to hold on as the memories fade. Indie romance, surreal dream logic, winter beaches, lo-fi quirkiness, regret, awkward love and stubborn hope."
title,194,Amélie,"Whimsical, warm and romantic. A shy Parisian waitress secretly improves the lives of the people around her and finds love. French café charm, accordion and piano waltzes, cobbled streets, quirky fairy-tale nostalgia, small joys and daydreams."
title,179144,The Great Beauty,"Decadent, melancholic and contemplative. An aging writer drifts through Rome's lavish parties and searches for meaning. Italian dolce vita, rooftop raves and sacred choirs, baroque splendor, world-weary irony, nostalgia and awe."
title,1396,Breaking Bad,"Gritty, tense and darkly thrilling. A mild chemistry teacher with cancer becomes a ruthless drug kingpin. Desert Americana, antihero crime saga, slow-burn suspense, pride and moral decay, dark humor and explosive consequences."
title,87108,Chernobyl,"Bleak, dreadful and mournful. Scientists and workers sacrifice themselves to contain a nuclear disaster while officials hide the truth. Soviet-era gloom, historical tragedy, droning ambient horror, grief, fear and quiet heroism."
title,67070,Fleabag,"Witty, chaotic and heartbreaking. A sharp-tongued young woman in London hides grief and guilt behind jokes and bad decisions. British dark comedy, fourth-wall glances, messy love, church choirs, loneliness, self-sabotage and raw vulnerability."
title,94605,Arcane,"Intense, stylish and tragic. Two sisters end up on opposite sides of a war between a rich city and its undercity. Steampunk animation, video game universe, punk rebellion, anthemic rock and hip-hop, rage, betrayal and heartbreak."
title,95396,Severance,"Eerie, sterile and suspenseful. Office workers have their memories split between work and home and begin to rebel against their mysterious company. Corporate dystopia, retro-futuristic offices, deadpan absurdity, minimalist piano, paranoia and creeping dread."
title,76331,Succession,"Cynical, tense and darkly funny. The children of an aging media mogul scheme and betray each other for control of the empire. Billionaire satire, boardroom power games, grand classical piano over hip-hop beats, cold luxury, insecurity and vicious wit."
track,6ZFbXIJkuI1dVNWvzJzown,Time,"Solemn, epic and melancholic. A slow instrumental that builds from quiet piano to an overwhelming orchestral swell. Blockbuster film score, dream-heist thriller, mind-bending science fiction, hours slipping away and a bittersweet release."
track,6kkwzB6hXLIONkEk9JciA6,Weightless,"Calm, floating and soothing. A slow ambient drift designed to ease anxiety and slow the heartbeat. Meditation and sleep playlists, spa stillness, deep relaxation, zero-gravity serenity."
track,56oReVXIfUO9xkX7pHmEU0,On the Nature of Daylight,"Mournful, tender and devastating. A slow lament for strings that rises with grief and compassion. Modern classical, tearjerker film scenes, alien-contact drama, loss, memory and quiet catharsis."
track,1vgSaC0BPlL6LEm4Xsx59J,An Ending (Ascent) - Remastered 2005,"Serene, luminous and awestruck. A slow, glowing ambient piece that feels like floating above the Earth. Space documentary, moon landing footage, astronauts, cosmic wonder, peaceful farewell and transcendence."
track,3weNRklVDqb4Rr5MhKBR3D,Nuvole Bianche,"Wistful, romantic and yearning. A flowing solo piano piece that builds from a sigh to an emotional rush. Modern classical, Italian minimalism, rainy windows, study playlists, tearful nostalgia and longing."
track,2MZSXhq4XDJWu6coGoXX1V,Avril 14th,"Delicate, innocent and bittersweet. A brief, fragile piano melody like a music box. Electronic pioneer gone acoustic, indie film scenes, sampled in hip-hop, childhood memories, sunlit nostalgia and quiet sadness."
track,5u5aVJKjSMJr4zesMPz7bL,"Clair de Lune, L. 32","Graceful, dreamy and romantic. A slow, shimmering piano classic that ripples like moonlight on water. French impressionism, starry nights, classic romance and heist film endings, hushed wonder and calm."
track,5NGtFXVpXSvwunEIGeviY3,Gymnopédie No. 1,"Sparse, melancholic and detached. A slow, gently swaying piano piece of elegant solitude. Parisian belle époque, rainy afternoons, art-house films, minimalist calm and wistful loneliness."
track,14rZjW3RioG7WesZhYESso,"Comptine d'un autre été, l'après-midi","Whimsical, bittersweet and nostalgic. A circling solo piano melody, playful yet wistful. French film soundtrack, Parisian cafés and cobbled streets, quirky fairy-tale romance, daydreams and small private sorrows."
track,3gFQOMoUwlR6aUZj81gCzu,One Summer Day,"Gentle, nostalgic and wide-eyed. A tender piano theme full of childhood wonder and homesickness. Japanese animation soundtrack, spirit worlds, fairy-tale adventure, holiday memories, growing up and bittersweet goodbyes."
track,0U0ldCRmgCqhVvD6ksG63j,Nightcall,"Dark, cool and hypnotic. A slow, heavy electronic pulse with robotic vocals about a late confession. Synthwave, 80s retro-futurism, neon noir, drives through an empty city after dark, getaway cars and mysterious romance."
track,6ei4QrpcciclGH593uHKo8,A Real Hero,"Tender, dreamy and hopeful. A soft, glowing synth-pop song about an ordinary person who does something brave. Synthwave, 80s nostalgia, neon noir romance, sunset drives, quiet devotion and innocence."
track,0VjIjW4GlUZAMYd2vXMi3b,Blinding Lights,"Urgent, euphoric and desperate. A fast synth-pop hit about racing through the night toward a lover. 80s revival, neon Las Vegas, viral dance challenge, night drives, glamour, loneliness and reckless longing."
track,6GyFP1nfCDB8lbD2bG0Hq9,Midnight City,"Euphoric, nostalgic and nocturnal. A soaring synth anthem with a saxophone finale about a metropolis after dark. Indie electronic, 80s dreams, neon skylines, coming-of-age montage, youthful freedom and wonder."
track,2Y0iGXY6m6immVb2ktbseM,Little Dark Age,"Eerie, sardonic and gothic. A danceable synth-pop song about paranoia and hidden gloom. Gothic new wave, 80s horror vibes, viral internet edits, haunted mansions, black humor and dread."
track,2Foc5Q5nqNiosCNqttzHof,Get Lucky (feat. Pharrell Williams & Nile Rodgers) - Radio Edit,"Smooth, flirtatious and carefree. A funky disco groove about staying up all night for love and good fortune. Retro 70s disco revival, robot helmets, summer parties, dance floors, effortless cool and joy."
track,79CUrU5o2KAVDTNm4x3eGU,Firestarter,"Menacing, frantic and anarchic. A pounding electronic assault with snarling punk vocals. 90s rave, big beat, British club culture, riots and strobe lights, adrenaline, provocation and chaos."
track,67Hna13dNDkZvBpTXRIaOJ,Teardrop,"Haunting, intimate and hypnotic. A slow heartbeat rhythm under a fragile, ethereal voice. 90s trip-hop, medical drama theme, rainy British nights, dark sensuality, sorrow and tenderness."
track,3Ty7OTBNSigGEpeW2PqcsC,Glory Box,"Sultry, smoky and aching. A slow, heavy torch song about a woman tired of playing games and longing to be loved. 90s trip-hop, film noir, spy-movie strings, vinyl crackle, seduction and weariness."
track,052z2UsE2wPrHsBJ9tly0g,Playground Love,"Hazy, sensual and sorrowful. A slow, velvety song with a saxophone about teenage first romance. French downtempo, 70s suburban nostalgia, indie coming-of-age film soundtrack, doomed crushes and longing."
track,1ujxjsoNvh4XgS2fUNwkZ2,Space Song,"Dreamy, starry and heartbroken. A slow, shimmering dream pop song about letting go of someone. Indie dream pop, viral melancholy edits, night skies, drifting among the stars, lovesick nostalgia."
track,0yc6Gst2xkRu0eMLeRMGCX,Apocalypse,"Languorous, intimate and melancholic. A slow, reverb-soaked whisper about lovers holding on while the world collapses. Dream pop, noir romance, black-and-white aesthetics, late-night bedrooms, devotion and sadness."
track,1LzNfuep1bnAUR9skqdHCK,Fade Into You,"Woozy, lovelorn and resigned. A slow, dusty waltz about loving someone who never fully sees you. 90s alternative dream pop, slide guitar, teen drama slow dances, late-summer haze, unrequited love."
track,2usrT8QIbIk9y0NEtQwS4j,Intro,"Minimal, tense and anticipatory. A short instrumental build with a cool guitar line and a steady beat. Indie electronic, sports and TV montages, opening credits, city at night, restrained excitement before something begins."
track,7eqoqGkKwgOaWNNHx90uEZ,Nights,"Restless, introspective and bittersweet. A shifting R&B song that moves from daytime hustle to a hazy late comedown. Alternative R&B, famous beat switch, sleepless city, memories of struggle, nostalgia and loneliness."
track,52Bg6oaos7twR7IUtEpqcE,Between The Bars,"Hushed, intimate and fragile. A soft acoustic whisper about drinking to forget and being held back by sadness. 90s indie folk, late-night pubs, indie drama soundtracks, addiction, loneliness and tender resignation."
track,3pRaLNL3b8x5uBOcsgvdqM,Hallelujah,"Reverent, sorrowful and yearning. A slow, sparse ballad with a soaring voice about love, faith and heartbreak. 90s alternative rock, cathedral echo, talent-show classic, funerals and farewells, sacred longing and fragile beauty."
track,3B3eOgLJSqPEA0RfboIQVM,Skinny Love,"Raw, wounded and wintry. A bare acoustic plea with a cracked falsetto about a relationship falling apart. Indie folk, snowed-in cabin, heartbreak playlists, isolation, regret and desperation."
track,4KROoGIaPaR1pBHPnR3bwC,Pink Moon,"Gentle, wistful and mysterious. A brief, softly flowing acoustic song with a quiet sense of foreboding. 70s British folk, night drives through the countryside, cult singer-songwriter, pastoral calm and lonely melancholy."
track,63OQupATfueTdZMWTxW03A,Karma Police,"Weary, uneasy and haunting. A slow piano-led rock song about paranoia and judgment that dissolves into a dazed collapse. 90s alternative rock, dystopian anxiety, alienation, cold irony, a mind quietly coming apart."
track,1YQWosTIljIvxAgHWTp7KP,Take Five,"Cool, suave and playful. A breezy, swinging jazz instrumental with a famous saxophone line and an unusual rhythm. 50s cool jazz, smoky lounges, cocktail parties, vintage sophistication, relaxed wit and confidence."
track,4vLYewWIvqHfKtJDk8c8tq,"So What (feat. John Coltrane, Cannonball Adderley & Bill Evans)","Laid-back, spacious and contemplative. A mellow, unhurried jazz instrumental with trumpet and saxophone solos. 50s modal jazz, smoky clubs after midnight, black-and-white New York, understated cool."
track,6Rqn2GFlmvmV4w9Ala0I1e,Feeling Good,"Triumphant, soulful and bold. A slow, brassy anthem about freedom, rebirth and a new dawn. Classic soul and big band jazz, spy-movie swagger, empowerment, luxury adverts, hard-won confidence."
track,4l9hml2UCnxoNI3yCdL1BW,My Funny Valentine,"Tender, melancholy and dreamy. A very slow, soft jazz ballad sung in a fragile voice about loving someone's imperfections. 50s cool jazz, dim bars in the small hours, old Hollywood romance, wistful affection."
track,6ek9SiEj5a65WIs2EV7qiM,Son Of A Preacher Man,"Sultry, warm and nostalgic. A relaxed soul song about a secret first romance with a minister's boy. 60s soul, vintage vinyl, cult crime film soundtrack, retro Americana, sly sweetness and fond memories."
track,4JLcAU2xY90qTkTSNM1lUa,Bang Bang (My Baby Shot Me Down),"Haunting, sparse and mournful. A slow, eerie ballad with tremolo guitar about childhood love turned to betrayal. 60s pop, revenge film opening, spaghetti western mood, lost innocence, heartbreak and vengeance."
track,2grjqo0Frpf2okIBiifQKs,September,"Joyful, bright and irresistible. An upbeat disco-funk classic about remembering a perfect night of dancing and love. 70s disco, wedding parties, horn sections, feel-good nostalgia, celebration and carefree happiness."
track,32OlwWuMpZ6b0aN2RZOeMS,Uptown Funk (feat. Bruno Mars),"Swaggering, flashy and playful. A tight, strutting pop hit full of bragging and party energy. 80s revival, street dancing, wedding dance floors, retro suits, cocky charm and fun."
track,0GjEhVFGZW8afUYGChu3Rr,Dancing Queen,"Euphoric, glittering and bittersweet. A sweeping disco-pop anthem about being young and free on the dance floor. 70s disco, mirror balls, jukebox musical, karaoke nights, nostalgia for a perfect night."
track,5T8EDUDqKcs6OSOwEsfqG7,Don't Stop Me Now - Remastered 2011,"Exhilarated, theatrical and unstoppable. A fast, jubilant piano-rock anthem about having the time of your life. 70s glam rock, zombie-comedy pub fight, party playlists, rocket-speed joy and invincible freedom."
track,6dGnYIeXmHdcikdzNNDMm2,Here Comes The Sun - Remastered 2009,"Hopeful, gentle and bright. A light acoustic pop song about the relief of spring after a long winter. 60s British pop, flower-power optimism, family road trips, warmth, comfort and new beginnings."
track,2GYHyAoLWpkxLVa4oYTVko,Alors on danse - Radio Edit,"Jaded, weary and hypnotic. A pulsing club track with deadpan vocals about partying to forget work, money and problems. French-language electro house, 2010s clubs, viral slowed remix, saxophone hook, numb escapism."
track,59WN2psjkt1tyaxjspN8fp,Killing In The Name,"Angry, loud and explosive. A heavy rap-metal protest song that builds into a furious chant of defiance. 90s rap metal, protest marches, mosh pits, anti-authority fury, rebellion and adrenaline."
track,4CeeEOM32jQcH3eN9Q2dGj,Smells Like Teen Spirit,"Restless, sardonic and cathartic. A quiet-loud grunge anthem of adolescent boredom and frustration. 90s grunge, flannel shirts, high-school gym mosh pit, generation-defining angst, apathy and release."
track,2MuWTIM3b0YEAskbeeFE1i,Master Of Puppets,"Menacing, relentless and intense. A fast, epic thrash metal song about being controlled by addiction. 80s heavy metal, shredding guitar solos, retro horror series finale, headbanging, dark fury and doom."
track,7KXjTSCq5nL1LoYtL7XAwS,HUMBLE.,"Confrontational, cocky and stark. A hard, minimal hip-hop track with a pounding piano beat about demanding modesty while flaunting dominance. Modern rap, trap drums, striking music video, street bravado and tension."
track,3Wrjm47oTz2sjIgck11l5e,Beggin',"Gritty, desperate and seductive. A stomping rock cover with raspy vocals pleading with a lover for one more chance. Italian glam rock, song-contest winners, viral short videos, 60s soul roots, swagger and urgency."
track,5HNCy40Ni5BZJFw1TKzRsC,Comfortably Numb,"Detached, dreamlike and majestic. A slow progressive rock epic about emotional emptiness and isolation with a soaring guitar solo. 70s psychedelic rock, concept album, stadium lights, childhood memories, alienation and anguish."
track,5EY6yQXMCtX5EbkC0ru0LV,La vie en rose,"Romantic, lush and old-fashioned. A slow, swooning love song about seeing the world through tinted glasses of happiness. French chanson, Paris postcards, accordion cafés, operatic tenor, vintage romance and bliss."
track,1TfqLAPs4K3s2rJMoCokcS,Sweet Dreams (Are Made of This) - Remastered,"Cold, sleek and ominous. A steady synth-pop classic about everyone searching for something and using each other. 80s new wave, androgynous icon, MTV era, dark dance floors, cynicism and desire."
