tmdb_id,track_id,title,track
194,14rZjW3RioG7WesZhYESso,Amélie,"Comptine d'un autre été, l'après-midi"
64690,0U0ldCRmgCqhVvD6ksG63j,Drive,Nightcall
64690,6ei4QrpcciclGH593uHKo8,Drive,A Real Hero
64690,2JoAbvKBwp2OlkiiANRBc5,Drive,Tick Of The Clock (Film Edit)
129,3gFQOMoUwlR6aUZj81gCzu,Spirited Away,One Summer Day
680,6ek9SiEj5a65WIs2EV7qiM,Pulp Fiction,Son Of A Preacher Man
680,6FT83pFXKhDlXDsNJFAHWz,Pulp Fiction,You Never Can Tell
157336,6pWgRkpqVfxnj3WuIcJ7WP,Interstellar,Cornfield Chase
153,1LwP9g1Hjbs64jXM2Qsxry,Lost in Translation,Just Like Honey
1396,6S3JlDAGk3uu3NtZbPnuhS,Breaking Bad,Baby Blue - Remastered 2010
94605,1r9xUipOqoNwggBpENDsvJ,Arcane,Enemy (with JID) - from the series Arcane League of Legends
27205,6ZFbXIJkuI1dVNWvzJzown,Inception,Time
24,4JLcAU2xY90qTkTSNM1lUa,Kill Bill: Vol. 1,Bang Bang (My Baby Shot Me Down)
24,6Q32Vkucx2qeuVyBd3NiFZ,Kill Bill: Vol. 1,Battle Without Honor Or Humanity
1443,052z2UsE2wPrHsBJ9tly0g,The Virgin Suicides,Playground Love
329865,56oReVXIfUO9xkX7pHmEU0,Arrival,On the Nature of Daylight
747,5T8EDUDqKcs6OSOwEsfqG7,Shaun of the Dead,Don't Stop Me Now - Remastered 2011
489,52Bg6oaos7twR7IUtEpqcE,Good Will Hunting,Between The Bars
66732,2MuWTIM3b0YEAskbeeFE1i,Stranger Things,Master Of Puppets
66732,75FEaRjZTKLhTrFGsfMUXR,Stranger Things,Running Up That Hill (A Deal With God)
66732,39shmbIHICJ2Wxnk1fPSdz,Stranger Things,Should I Stay or Should I Go - Remastered
77338,2grjqo0Frpf2okIBiifQKs,The Intouchables,September
77338,0Dkibk70FDp6t7eOZNemNQ,The Intouchables,Una Mattina
77338,4yLSpYlcO0jPPLTa3nW8zN,The Intouchables,Fly
11631,0GjEhVFGZW8afUYGChu3Rr,Mamma Mia!,Dancing Queen
118340,6Ac4NVYYl2U73QiTt11ZKd,Guardians of the Galaxy,Hooked On A Feeling
627,21YxK0klhpfLW8budkJaMF,Trainspotting,Lust For Life
627,4TOMI010Sd4ZAX4aZ5TS85,Trainspotting,Perfect Day
550,7wCmS9TTVUcIhRalDYFgPy,Fight Club,Where Is My Mind? - Remastered
37247,0iOZM63lendWRTTeKhZBSC,The Graduate,"Mrs. Robinson - From ""The Graduate"" Soundtrack"
37247,5y788ya4NvwhBznoDIcXwK,The Graduate,The Sound of Silence - Acoustic Version
500,3Vby4nGmtbDo7HDJamOWkT,Reservoir Dogs,Stuck In The Middle With You
744,34x6hEJgGAOQvmlMql5Ige,Top Gun,"Danger Zone - From ""Top Gun"" Original Soundtrack"
744,15MJ5NThPjj6xhPcts8MiY,Top Gun,"Take My Breath Away - Love Theme from ""Top Gun"""
1371,2KH16WveTQWT6KOG9Rg6e2,Rocky III,Eye of the Tiger
620,569uHYIB0X324FZOBEhvit,Ghostbusters,Ghostbusters
11009,4UDmDIqJIbrW0hMBQMFOsM,Saturday Night Fever,Stayin' Alive
85552,6N22FZs2ZhPBYi3b9XPajV,Euphoria,Still Don't Know My Name
398818,5GbVzc6Ex5LYlLJqzRQhuy,Call Me by Your Name,Mystery of Love
332562,2VxeLyX666F8uXCJ0dZF8B,A Star Is Born,Shallow
65,1v7L65Lzy0j0vdpRjJewt1,8 Mile,"Lose Yourself - From ""8 Mile"" Soundtrack"
284054,3GCdLUSnKSMJhs4Tj6CV3s,Black Panther,All The Stars (with SZA)
109445,0qcr5FMsEO85NAQjrlDRKo,Frozen,"Let It Go - From ""Frozen""/Soundtrack Version"
808,3cfOd4CMv2snFaKAnMdnvK,Shrek,All Star
19913,0WQiDwKJclirSYG9v5tayI,(500) Days of Summer,There Is a Light That Never Goes Out - 2011 Remaster
2108,2u96akbqgCRtkjfLMYrgZo,The Breakfast Club,Don't You (Forget About Me) - Remastered 2001
641,62Da3JOu9H9EIgmqV7DoLG,Requiem for a Dream,Lux Aeterna
37724,6VObnIkLVruX4UVyxWhlqm,Skyfall,Skyfall
28,5UgT7w6zVZjP3oyawMzbiK,Apocalypse Now,The End
13,4BP3uh0hFLFRb5cjsgLqDh,Forrest Gump,Fortunate Son
786,2TVxnKdb3tqe1nhQWwwZCO,Almost Famous,Tiny Dancer
624,63OFKbMaZSDZ4wtesuuq6f,Easy Rider,Born To Be Wild
8587,0HU5JnVaKNTWf6GykV9Zn8,The Lion King,"Circle of Life - From ""The Lion King""/ Soundtrack"
251,2qhASBzpbFhPRtrnZ5lLnz,Ghost,Unchained Melody
114,48i055G1OT5KxGGftwFxWy,Pretty Woman,"Oh, Pretty Woman"
1399,2q6fxAvSpqXR4jx9Ne7RGz,Game of Thrones,"Main Title - From The ""Game Of Thrones"" Soundtrack"
1399,6iLzFJhs4ATwJn7P1utZIJ,Game of Thrones,Light of the Seven
